INSERT INTO sys_user (user_name, nick_name, password, email, phone_number, avatar, sex, status, del_flag)
VALUES
    ('teacher_zhang', '张老师', '746291', 'zhang1@163.com', '13811110001', '/avatars/t1.jpg', '0', '0', '0'),
    ('teacher_li', '李老师', '928374', 'li1@163.com', '13811110002', '/avatars/t2.jpg', '1', '0', '0'),
    ('student_wangyi', '王一', '382910', 'wang1@163.com', '13811110003', '/avatars/s1.jpg', '0', '0', '0'),
    ('student_lier', '李二', '710253', 'li2@163.com', '13811110004', '/avatars/s2.jpg', '1', '0', '0'),
    ('student_zhangsan', '张三', '563812', 'zhang2@163.com', '13811110005', '/avatars/s3.jpg', '0', '0', '0'),
    ('student_lisi', '李四', '849201', 'li3@163.com', '13811110006', '/avatars/s4.jpg', '1', '0', '0'),
    ('student_wangwu', '王五', '102938', 'wang2@163.com', '13811110007', '/avatars/s5.jpg', '0', '0', '0'),
    ('student_zhaoliu', '赵六', '657483', 'zhao@163.com', '13811110008', '/avatars/s6.jpg', '0', '0', '0'),
    ('student_sunqi', '孙七', '384756', 'sun@163.com', '13811110009', '/avatars/s7.jpg', '0', '0', '0'),
    ('admin_root', '系统管理员', '999888', 'admin@163.com', '13811110010', '/avatars/admin.jpg', '2', '0', '0');





INSERT INTO sys_role (role_key, role_name, remark)
VALUES
    ('admin', '系统管理员', '负责整个系统的权限管理和数据维护'),
    ('teacher', '教师', '负责课程创建、作业布置与学生管理'),
    ('student', '学生', '可以查看课程、资源、提交作业、查看成绩');

-- 用户与角色映射插入语句
INSERT INTO sys_user_role (user_id, role_key)
VALUES
    (1, 'teacher'),      -- 张老师
    (2, 'teacher'),      -- 李老师
    (3, 'student'),      -- 王一
    (4, 'student'),      -- 李二
    (5, 'student'),      -- 张三
    (6, 'student'),      -- 李四
    (7, 'student'),      -- 王五
    (8, 'student'),      -- 赵六
    (9, 'student'),      -- 孙七
    (10, 'admin');       -- 系统管理员

INSERT INTO courses (course_id, course_name, teacher_id, weekday, start_time, end_time, location, description)
VALUES
    (1001, '数据结构与算法', 1, '周一', '08:00:00', '09:40:00', '8栋202', '介绍常见数据结构与基本算法的实现与应用'),
    (1002, '计算机网络', 2, '周三', '10:00:00', '11:40:00', '6栋305', '讲授计算机网络体系结构与协议原理'),
    (1003, '操作系统', 1, '周五', '13:30:00', '15:10:00', '8栋501', '学习操作系统核心概念，如进程、线程、内存管理等'),
    (1004, '数据库系统', 2, '周二', '15:30:00', '17:10:00', '6栋207', '讲解关系数据库理论及SQL使用'),
    (1005, '软件工程', 1, '周四', '08:00:00', '09:40:00', '8栋102', '系统化介绍软件开发生命周期和常见开发模型'),
    (1006, '人工智能导论', 2, '周一', '10:00:00', '11:40:00', '6栋201', '介绍AI基础，包括搜索、机器学习等'),
    (1007, '编译原理', 1, '周三', '13:30:00', '15:10:00', '8栋301', '分析编译过程、语法分析器与代码生成'),
    (1008, '高等数学B', 2, '周五', '08:00:00', '09:40:00', '6栋101', '函数、极限、导数、积分等基本内容'),
    (1009, '计算机组成原理', 1, '周二', '13:30:00', '15:10:00', '8栋302', '学习CPU、内存、指令系统等硬件基础'),
    (1010, 'Web开发基础', 2, '周四', '10:00:00', '11:40:00', '6栋409', '介绍HTML/CSS/JS等前端开发基础');

INSERT INTO assignments (assignment_id, course_id, title, description, due_date, max_score)
VALUES
    (2001, 1001, '线性表实现', '使用C或Java语言实现顺序表和链表的基本操作。', '2025-06-10 23:59:59', 100),
    (2002, 1002, 'TCP协议分析', '阅读教材，分析TCP三次握手过程并提交报告。', '2025-06-12 23:59:59', 100),
    (2003, 1003, '进程调度模拟', '编写程序模拟FCFS和RR调度算法，比较性能。', '2025-06-15 23:59:59', 100),
    (2004, 1004, '数据库建模', '为一个学生管理系统设计数据库E-R图及建表SQL。', '2025-06-08 23:59:59', 100),
    (2005, 1005, '软件开发计划书', '小组撰写开发一个简单系统的开发计划书。', '2025-06-20 23:59:59', 100),
    (2006, 1006, 'AI走迷宫实验', '设计简单迷宫环境，实现DFS/BFS求解。', '2025-06-18 23:59:59', 100),
    (2007, 1007, '词法分析器编程', '实现简单词法分析器，识别标识符、数字、关键字等。', '2025-06-14 23:59:59', 100),
    (2008, 1008, '导数习题集', '完成第5章导数习题，标出解题过程。', '2025-06-06 23:59:59', 100),
    (2009, 1009, '微程序设计', '设计一个简单的加法微程序流程图及伪代码。', '2025-06-16 23:59:59', 100),
    (2010, 1010, '静态网页制作', '使用HTML+CSS制作一个个人介绍网页。', '2025-06-11 23:59:59', 100);

INSERT INTO submission_records (submission_id, assignment_id, submitted_at, status, score, file_url)
VALUES
    (3001, 2001, '2025-06-08 20:10:00', '已提交', 95, '/files/submissions/zhangsan_ds1.zip'),
    (3002, 2001, '2025-06-10 22:00:00', '已提交', 88, '/files/submissions/lisi_ds1.zip'),
    (3003, 2002, NULL, '未提交', NULL, NULL),
    (3004, 2003, '2025-06-13 19:30:00', '已提交', 100, '/files/submissions/wangwu_os1.zip'),
    (3005, 2004, '2025-06-07 14:00:00', '已提交', 92, '/files/submissions/zhaoliu_db1.zip'),
    (3006, 2005, '2025-06-18 17:45:00', '已提交', 85, '/files/submissions/sunqi_pm1.pdf'),
    (3007, 2006, NULL, '未提交', NULL, NULL),
    (3008, 2007, '2025-06-13 21:00:00', '已提交', 78, '/files/submissions/zhangsan_compiler1.zip'),
    (3009, 2008, '2025-06-05 08:50:00', '已提交', 90, '/files/submissions/lisi_calc1.pdf'),
    (3010, 2009, NULL, '未提交', NULL, NULL);

INSERT INTO grades (grade_id, course_id, current_score, max_total, distribution)
VALUES
    (4001, 1001, 88, 100, JSON_OBJECT('作业', 35, '考试', 45, '平时', 8)),
    (4002, 1002, 92, 100, JSON_OBJECT('作业', 40, '考试', 50, '平时', 2)),
    (4003, 1003, 76, 100, JSON_OBJECT('作业', 30, '考试', 40, '平时', 6)),
    (4004, 1004, 85, 100, JSON_OBJECT('作业', 32, '考试', 48, '平时', 5)),
    (4005, 1005, 90, 100, JSON_OBJECT('作业', 38, '考试', 50, '平时', 2)),
    (4006, 1006, 81, 100, JSON_OBJECT('作业', 36, '考试', 40, '平时', 5)),
    (4007, 1007, 87, 100, JSON_OBJECT('作业', 34, '考试', 46, '平时', 7)),
    (4008, 1008, 78, 100, JSON_OBJECT('作业', 28, '考试', 40, '平时', 10)),
    (4009, 1009, 95, 100, JSON_OBJECT('作业', 40, '考试', 50, '平时', 5)),
    (4010, 1010, 83, 100, JSON_OBJECT('作业', 33, '考试', 45, '平时', 5));

INSERT INTO resources (resource_id, course_id, parent_id, resource_type, title, content)
VALUES
    (5001, 1001, NULL, '章节', '第1章：数据库基础', '介绍数据库的基本概念、数据模型与数据库系统的组成。'),
    (5002, 1001, 5001, '题目', '思考题：关系型数据库特点', '请简述关系型数据库与非关系型数据库的主要区别。'),
    (5003, 1001, 5001, '文件', '课件：第1章数据库基础.pptx', '/files/db_chapter1.pptx'),
    (5004, 1001, NULL, '章节', '第2章：SQL语法', '学习SQL语言的基本语法，包括SELECT、INSERT、UPDATE等语句。'),
    (5005, 1001, 5004, '题目', '编程题：查询学生表', '使用SELECT语句查询所有学生的姓名和成绩。'),
    (5006, 1001, 5004, '文件', '课件：第2章SQL语法.pdf', '/files/sql_chapter2.pdf'),
    (5007, 1002, NULL, '章节', '第一讲：线性表', '讲解线性表的基本操作与存储结构。'),
    (5008, 1002, 5007, '题目', '填空题：线性表定义', '线性表是指具有____关系的数据元素集合。'),
    (5009, 1002, 5007, '文件', '代码样例：线性表操作.java', '/files/linear_list.java'),
    (5010, 1002, NULL, '章节', '第二讲：栈与队列', '介绍栈和队列的基本概念及其在编程中的应用。');


INSERT INTO classes (class_id,class_name) VALUES
                                               (7001, '软工1班'),
                                               (7002, '软工2班');




INSERT INTO classrooms (classroom_id, building, room_number, capacity, status)
VALUES
    (8001, '8栋', '202', 60, '空闲'),
    (8002, '6栋', '305', 60, '空闲'),
    (8003, '8栋', '501', 60, '空闲'),
    (8004, '6栋', '207', 60, '空闲'),
    (8005, '8栋', '102', 60, '空闲'),
    (8006, '6栋', '201', 60, '空闲'),
    (8007, '8栋', '301', 60, '空闲'),
    (8008, '6栋', '101', 60, '空闲'),
    (8009, '8栋', '302', 60, '空闲'),
    (8010, '6栋', '409', 60, '空闲');

INSERT INTO messages (message_id, course_id, message_date, content)
VALUES
    (1, 1001, '2025-03-01 09:00:00', '下周的数据结构与算法课程将安排一次期中考试，请同学们做好复习准备。'),
    (2, 1003, '2025-03-05 14:00:00', '操作系统课程因教师出差，本周暂停一次。'),
    (3, 1005, '2025-03-08 08:00:00', '请各位同学本周内提交软件工程课程项目选题。'),
    (4, 1006, '2025-03-11 10:30:00', '人工智能导论课程将于下节课安排一次小测验，内容涵盖前四章。'),
    (5, 1010, '2025-03-15 11:00:00', 'Web开发基础课程已上传实验一，请同学们按时完成并提交。');


INSERT INTO class_members (class_id, user_id) VALUES
                                                  (7001, 3), -- 王一
                                                  (7001, 4), -- 李二
                                                  (7001, 5), -- 张三
                                                  (7001, 6), -- 李四
                                                  (7002, 7), -- 王五
                                                  (7002, 8), -- 赵六
                                                  (7002, 9); -- 孙七




