INSERT INTO user (id, username, password, role_id, created_at, updated_at) VALUES
(1, 'user1', 'pass1', 2, '2023-03-30 00:17:26', '2024-01-31 12:27:46'),
(2, 'user2', 'pass2', 2, '2022-05-11 01:19:10', '2022-05-15 09:49:52'),
(3, 'user3', 'pass3', 2, '2022-12-12 00:05:32', '2022-12-29 10:26:34'),
(4, 'user4', 'pass4', 1, '2023-02-23 20:01:15', '2023-06-08 04:44:05'),
(5, 'user5', 'pass5', 1, '2023-08-03 04:22:42', '2024-05-22 14:26:07'),
(6, 'user6', 'pass6', 1, '2024-01-11 11:12:19', '2024-05-26 02:44:06'),
(7, 'user7', 'pass7', 2, '2022-01-11 16:53:09', '2022-05-20 18:05:02'),
(8, 'user8', 'pass8', 3, '2024-03-28 10:20:26', '2024-05-21 13:05:36'),
(9, 'user9', 'pass9', 2, '2023-04-11 03:22:26', '2024-04-20 13:37:24'),
(10, 'user10', 'pass10', 3, '2023-11-25 20:01:51', '2024-04-27 09:18:39'),
(11, 'user11', 'pass11', 1, '2024-02-11 19:31:49', '2024-04-29 06:33:46'),
(12, 'user12', 'pass12', 1, '2022-12-13 17:01:27', '2023-08-14 05:52:08'),
(13, 'user13', 'pass13', 1, '2022-12-01 10:46:53', '2023-08-06 22:35:16'),
(14, 'user14', 'pass14', 1, '2023-02-13 19:25:21', '2023-11-07 08:52:31'),
(15, 'user15', 'pass15', 3, '2022-05-12 01:22:51', '2022-06-11 18:53:42'),
(16, 'user16', 'pass16', 1, '2022-09-14 12:00:17', '2023-03-02 04:51:41'),
(17, 'user17', 'pass17', 1, '2023-10-11 16:24:12', '2023-11-17 13:51:04'),
(18, 'user18', 'pass18', 2, '2023-03-16 00:02:33', '2023-04-17 01:01:42'),
(19, 'user19', 'pass19', 1, '2022-03-08 23:06:58', '2023-10-13 05:20:29'),
(20, 'user20', 'pass20', 2, '2023-11-17 13:37:33', '2024-05-22 17:39:25');

INSERT INTO course (id, title, description, teacher_id, created_at, updated_at) VALUES
(1, 'Course 1', 'Description for course 1', 2, '2024-02-06 23:50:47', '2024-05-23 08:38:49'),
(2, 'Course 2', 'Description for course 2', 2, '2024-05-18 07:58:47', '2024-05-23 03:32:11'),
(3, 'Course 3', 'Description for course 3', 2, '2022-02-05 23:03:03', '2023-03-21 04:42:02'),
(4, 'Course 4', 'Description for course 4', 6, '2022-09-04 08:36:39', '2023-10-22 16:08:37'),
(5, 'Course 5', 'Description for course 5', 6, '2022-02-12 08:23:59', '2023-02-23 02:12:44'),
(6, 'Course 6', 'Description for course 6', 5, '2022-12-28 06:19:15', '2023-11-30 10:07:01'),
(7, 'Course 7', 'Description for course 7', 8, '2022-08-21 20:26:20', '2023-12-02 01:45:32'),
(8, 'Course 8', 'Description for course 8', 4, '2023-05-23 19:13:18', '2023-06-21 22:45:00'),
(9, 'Course 9', 'Description for course 9', 10, '2022-11-11 02:15:25', '2023-02-08 03:34:44'),
(10, 'Course 10', 'Description for course 10', 3, '2024-02-29 03:07:54', '2024-03-01 21:38:36'),
(11, 'Course 11', 'Description for course 11', 1, '2023-11-20 18:29:03', '2024-03-25 14:05:24'),
(12, 'Course 12', 'Description for course 12', 6, '2023-03-30 15:36:28', '2023-10-11 23:50:18'),
(13, 'Course 13', 'Description for course 13', 2, '2023-12-14 00:54:31', '2024-04-09 09:38:42'),
(14, 'Course 14', 'Description for course 14', 8, '2024-05-26 07:43:25', '2024-05-29 06:26:34'),
(15, 'Course 15', 'Description for course 15', 10, '2024-01-22 10:19:51', '2024-03-21 15:02:30'),
(16, 'Course 16', 'Description for course 16', 9, '2023-12-12 15:29:17', '2024-04-16 14:05:35'),
(17, 'Course 17', 'Description for course 17', 3, '2024-04-04 01:32:10', '2024-05-04 23:50:48'),
(18, 'Course 18', 'Description for course 18', 1, '2023-02-12 09:34:55', '2024-01-27 23:42:17'),
(19, 'Course 19', 'Description for course 19', 5, '2023-06-09 01:33:00', '2024-03-30 12:12:53'),
(20, 'Course 20', 'Description for course 20', 10, '2024-03-24 10:25:08', '2024-04-18 23:23:48');

INSERT INTO chapter (id, course_id, chapter_number, title, content, created_at, updated_at) VALUES
(1, 5, 1, 'Chapter 1', 'Content for chapter 1', '2024-04-29 21:57:49', '2024-05-12 10:04:45'),
(2, 3, 2, 'Chapter 2', 'Content for chapter 2', '2022-03-21 17:49:16', '2023-07-14 19:27:04'),
(3, 9, 3, 'Chapter 3', 'Content for chapter 3', '2023-07-17 15:57:23', '2024-05-10 05:48:48'),
(4, 10, 4, 'Chapter 4', 'Content for chapter 4', '2023-08-08 11:15:45', '2023-10-23 00:37:01'),
(5, 2, 5, 'Chapter 5', 'Content for chapter 5', '2022-04-05 19:50:42', '2023-08-19 12:06:09'),
(6, 3, 6, 'Chapter 6', 'Content for chapter 6', '2022-09-26 22:37:20', '2022-12-05 07:43:16'),
(7, 6, 7, 'Chapter 7', 'Content for chapter 7', '2023-04-06 07:26:21', '2024-01-27 17:01:33'),
(8, 1, 8, 'Chapter 8', 'Content for chapter 8', '2023-06-21 15:19:15', '2023-08-27 17:38:30'),
(9, 8, 9, 'Chapter 9', 'Content for chapter 9', '2024-03-20 19:23:13', '2024-04-10 05:28:09'),
(10, 7, 10, 'Chapter 10', 'Content for chapter 10', '2024-04-06 13:43:29', '2024-05-12 17:44:53'),
(11, 1, 11, 'Chapter 11', 'Content for chapter 11', '2022-07-14 06:29:38', '2022-08-10 07:56:35'),
(12, 3, 12, 'Chapter 12', 'Content for chapter 12', '2023-10-05 02:56:56', '2023-10-11 08:09:53'),
(13, 10, 13, 'Chapter 13', 'Content for chapter 13', '2023-08-20 18:53:20', '2023-09-11 10:08:30'),
(14, 2, 14, 'Chapter 14', 'Content for chapter 14', '2022-04-17 09:30:08', '2023-05-06 21:00:59'),
(15, 1, 15, 'Chapter 15', 'Content for chapter 15', '2023-01-12 05:09:12', '2023-03-19 06:42:32'),
(16, 8, 16, 'Chapter 16', 'Content for chapter 16', '2022-02-24 19:22:25', '2022-10-13 23:15:27'),
(17, 1, 17, 'Chapter 17', 'Content for chapter 17', '2023-05-26 10:11:10', '2024-03-08 06:41:57'),
(18, 7, 18, 'Chapter 18', 'Content for chapter 18', '2022-06-21 09:14:04', '2022-08-12 15:58:33'),
(19, 9, 19, 'Chapter 19', 'Content for chapter 19', '2022-12-02 21:18:11', '2023-03-28 12:49:04'),
(20, 5, 20, 'Chapter 20', 'Content for chapter 20', '2023-09-02 06:13:21', '2024-01-23 17:13:57');

INSERT INTO student (id, user_id, name, created_at, updated_at) VALUES
(1, 1, 'Student 1', '2024-04-13 19:40:00', '2024-05-15 18:34:04'),
(2, 2, 'Student 2', '2022-09-05 18:01:57', '2023-06-12 12:12:33'),
(3, 3, 'Student 3', '2023-06-28 17:03:26', '2024-01-30 06:26:57'),
(4, 4, 'Student 4', '2022-11-30 04:59:01', '2023-12-20 10:01:32'),
(5, 5, 'Student 5', '2022-05-26 18:25:12', '2024-03-07 19:03:52'),
(6, 6, 'Student 6', '2024-01-01 08:20:54', '2024-04-29 19:43:50'),
(7, 7, 'Student 7', '2024-05-26 00:48:31', '2024-05-26 04:08:16'),
(8, 8, 'Student 8', '2022-06-21 07:34:34', '2022-10-18 10:20:32'),
(9, 9, 'Student 9', '2022-03-17 00:57:26', '2022-06-02 18:08:48'),
(10, 10, 'Student 10', '2022-04-22 23:40:15', '2023-02-02 19:31:27'),
(11, 11, 'Student 11', '2022-08-23 18:56:47', '2023-09-12 11:33:23'),
(12, 12, 'Student 12', '2023-03-17 01:55:18', '2023-06-20 04:53:59'),
(13, 13, 'Student 13', '2023-03-22 18:59:13', '2023-04-10 02:32:41'),
(14, 14, 'Student 14', '2023-09-20 18:19:54', '2024-05-17 18:04:22'),
(15, 15, 'Student 15', '2023-02-13 13:38:21', '2024-03-10 00:23:39'),
(16, 16, 'Student 16', '2023-12-20 13:09:10', '2024-03-05 06:35:20'),
(17, 17, 'Student 17', '2023-08-07 22:23:32', '2024-05-04 11:50:55'),
(18, 18, 'Student 18', '2023-03-05 16:43:19', '2024-04-22 06:06:51'),
(19, 19, 'Student 19', '2023-09-05 15:02:11', '2023-11-05 16:48:57'),
(20, 20, 'Student 20', '2023-04-21 06:24:27', '2024-02-06 15:47:25');

INSERT INTO teacher (id, user_id, name, department, created_at, updated_at) VALUES
(1, 1, 'Teacher 1', 'Dept 3', '2023-02-22 17:26:53', '2023-09-09 14:05:01'),
(2, 2, 'Teacher 2', 'Dept 1', '2022-07-24 22:04:07', '2024-01-22 02:26:54'),
(3, 3, 'Teacher 3', 'Dept 4', '2022-10-29 23:17:58', '2024-05-27 00:53:19'),
(4, 4, 'Teacher 4', 'Dept 5', '2022-02-14 03:50:50', '2022-12-06 06:02:07'),
(5, 5, 'Teacher 5', 'Dept 4', '2022-03-14 16:37:24', '2023-04-25 07:40:54'),
(6, 6, 'Teacher 6', 'Dept 3', '2022-08-21 00:58:59', '2022-11-13 15:46:24'),
(7, 7, 'Teacher 7', 'Dept 2', '2022-04-11 22:08:31', '2023-03-07 04:08:27'),
(8, 8, 'Teacher 8', 'Dept 3', '2023-05-19 18:17:43', '2023-08-03 14:13:29'),
(9, 9, 'Teacher 9', 'Dept 3', '2024-01-19 17:21:23', '2024-02-14 14:03:41'),
(10, 10, 'Teacher 10', 'Dept 4', '2023-05-16 11:25:03', '2024-02-04 01:20:05'),
(11, 11, 'Teacher 11', 'Dept 5', '2023-04-13 01:42:39', '2023-08-24 04:04:01'),
(12, 12, 'Teacher 12', 'Dept 5', '2022-10-19 21:02:39', '2023-10-12 16:57:34'),
(13, 13, 'Teacher 13', 'Dept 3', '2024-02-24 17:37:59', '2024-05-09 20:41:54'),
(14, 14, 'Teacher 14', 'Dept 5', '2023-04-21 05:45:06', '2023-09-26 12:52:55'),
(15, 15, 'Teacher 15', 'Dept 5', '2022-09-02 21:44:51', '2022-12-28 13:16:48'),
(16, 16, 'Teacher 16', 'Dept 4', '2023-06-08 02:24:43', '2024-04-21 02:55:37'),
(17, 17, 'Teacher 17', 'Dept 3', '2023-03-07 06:02:41', '2024-05-23 00:24:20'),
(18, 18, 'Teacher 18', 'Dept 3', '2022-02-28 04:20:59', '2023-02-12 23:08:39'),
(19, 19, 'Teacher 19', 'Dept 2', '2023-12-02 12:31:36', '2024-01-10 19:30:10'),
(20, 20, 'Teacher 20', 'Dept 2', '2022-11-17 12:50:18', '2023-12-23 14:53:41');

INSERT INTO homework (id, title, description, course_id, due_date, created_at, updated_at) VALUES
(1, 'Homework 1', 'Description for homework 1', 8, '2022-10-04 13:53:33', '2022-04-14 07:34:20', '2023-05-21 01:38:33'),
(2, 'Homework 2', 'Description for homework 2', 2, '2022-08-19 22:07:28', '2022-04-05 10:20:39', '2023-01-13 21:33:52'),
(3, 'Homework 3', 'Description for homework 3', 7, '2024-05-08 00:59:48', '2023-06-30 02:28:38', '2024-01-12 04:03:53'),
(4, 'Homework 4', 'Description for homework 4', 1, '2022-09-29 03:31:27', '2022-02-14 02:56:19', '2022-10-04 11:33:33'),
(5, 'Homework 5', 'Description for homework 5', 3, '2023-03-29 07:31:30', '2022-01-27 20:44:54', '2022-07-31 00:01:17'),
(6, 'Homework 6', 'Description for homework 6', 10, '2022-02-19 21:39:40', '2022-01-31 20:06:32', '2024-05-08 20:54:37'),
(7, 'Homework 7', 'Description for homework 7', 3, '2022-06-19 22:30:19', '2022-01-18 20:43:34', '2024-04-11 11:38:58'),
(8, 'Homework 8', 'Description for homework 8', 6, '2024-01-21 21:19:20', '2023-11-08 06:35:18', '2024-02-06 21:47:32'),
(9, 'Homework 9', 'Description for homework 9', 4, '2023-05-08 13:23:21', '2022-11-12 09:25:05', '2023-05-02 00:53:34'),
(10, 'Homework 10', 'Description for homework 10', 1, '2024-04-20 16:06:22', '2022-05-10 02:35:27', '2022-11-01 19:44:47'),
(11, 'Homework 11', 'Description for homework 11', 6, '2023-02-05 01:48:22', '2023-01-06 13:55:15', '2023-07-16 19:58:01'),
(12, 'Homework 12', 'Description for homework 12', 7, '2023-06-18 16:32:17', '2022-06-30 11:24:57', '2024-03-01 20:41:11'),
(13, 'Homework 13', 'Description for homework 13', 5, '2023-12-27 20:27:02', '2023-10-12 08:45:04', '2024-02-03 16:28:02'),
(14, 'Homework 14', 'Description for homework 14', 1, '2023-11-02 07:36:15', '2023-04-27 02:12:32', '2023-10-28 09:24:10'),
(15, 'Homework 15', 'Description for homework 15', 4, '2023-09-24 12:30:12', '2023-03-14 17:55:06', '2024-05-06 12:59:02'),
(16, 'Homework 16', 'Description for homework 16', 2, '2023-05-29 01:55:39', '2022-06-16 03:54:33', '2023-09-09 01:09:34'),
(17, 'Homework 17', 'Description for homework 17', 5, '2022-10-30 02:38:03', '2022-08-25 18:10:19', '2023-02-04 02:07:08'),
(18, 'Homework 18', 'Description for homework 18', 8, '2023-01-03 21:01:00', '2022-04-27 23:18:38', '2024-02-02 18:19:44'),
(19, 'Homework 19', 'Description for homework 19', 5, '2023-04-16 12:00:08', '2022-10-09 11:02:49', '2024-03-23 01:46:20'),
(20, 'Homework 20', 'Description for homework 20', 10, '2022-03-11 01:09:44', '2022-01-20 16:50:30', '2022-07-31 15:06:12');

INSERT INTO exam (id, title, description, course_id, exam_date, created_at, updated_at) VALUES
(1, 'Exam 1', 'Description for exam 1', 6, '2023-07-06 08:15:45', '2023-06-25 13:37:56', '2023-11-29 08:01:01'),
(2, 'Exam 2', 'Description for exam 2', 7, '2023-12-16 09:38:38', '2023-01-24 22:36:45', '2023-10-16 16:14:23'),
(3, 'Exam 3', 'Description for exam 3', 1, '2023-08-30 22:41:27', '2022-10-02 16:54:12', '2024-05-07 02:30:01'),
(4, 'Exam 4', 'Description for exam 4', 5, '2023-01-29 14:37:20', '2022-11-15 21:38:37', '2023-01-26 02:20:48'),
(5, 'Exam 5', 'Description for exam 5', 9, '2023-01-23 04:30:59', '2022-09-24 09:43:48', '2023-04-29 08:45:30'),
(6, 'Exam 6', 'Description for exam 6', 2, '2022-07-23 05:09:05', '2022-02-07 00:17:04', '2022-08-21 07:25:46'),
(7, 'Exam 7', 'Description for exam 7', 5, '2023-12-16 20:15:37', '2022-10-28 15:03:04', '2024-04-08 23:49:31'),
(8, 'Exam 8', 'Description for exam 8', 5, '2023-06-13 08:06:50', '2022-10-03 11:19:32', '2023-03-02 23:57:24'),
(9, 'Exam 9', 'Description for exam 9', 3, '2023-02-08 10:52:57', '2022-04-21 03:18:50', '2024-03-30 18:49:08'),
(10, 'Exam 10', 'Description for exam 10', 9, '2022-09-18 09:55:30', '2022-01-11 20:22:28', '2023-07-22 00:17:54'),
(11, 'Exam 11', 'Description for exam 11', 10, '2024-03-24 04:29:00', '2023-04-03 03:00:52', '2024-04-07 17:55:44'),
(12, 'Exam 12', 'Description for exam 12', 4, '2023-11-11 06:31:39', '2023-07-31 14:34:41', '2023-11-28 03:22:38'),
(13, 'Exam 13', 'Description for exam 13', 1, '2022-04-14 10:50:01', '2022-03-09 12:39:25', '2023-12-15 02:24:07'),
(14, 'Exam 14', 'Description for exam 14', 3, '2023-07-11 22:04:36', '2023-03-03 03:11:10', '2023-08-31 20:36:43'),
(15, 'Exam 15', 'Description for exam 15', 5, '2022-06-09 02:57:26', '2022-04-25 06:54:45', '2022-11-11 12:54:10'),
(16, 'Exam 16', 'Description for exam 16', 8, '2024-03-16 00:56:38', '2023-12-01 02:31:30', '2024-03-18 07:43:31'),
(17, 'Exam 17', 'Description for exam 17', 10, '2022-12-31 10:18:51', '2022-01-08 21:05:38', '2024-01-17 13:13:18'),
(18, 'Exam 18', 'Description for exam 18', 9, '2022-05-20 10:37:37', '2022-05-14 16:19:10', '2022-05-23 06:27:32'),
(19, 'Exam 19', 'Description for exam 19', 2, '2023-11-14 03:40:18', '2022-05-28 16:56:56', '2024-01-16 15:41:05'),
(20, 'Exam 20', 'Description for exam 20', 2, '2023-03-27 05:45:44', '2022-05-20 13:47:37', '2023-03-22 20:35:31');

INSERT INTO resource (id, course_id, title, description, resource_url, created_at, updated_at) VALUES
(1, 10, 'Resource 1', 'Description for resource 1', 'http://example.com/resource1', '2022-04-19 20:17:20', '2022-07-07 09:10:04'),
(2, 7, 'Resource 2', 'Description for resource 2', 'http://example.com/resource2', '2022-09-04 03:09:46', '2023-04-01 10:25:11'),
(3, 9, 'Resource 3', 'Description for resource 3', 'http://example.com/resource3', '2022-04-23 22:22:20', '2023-07-05 03:40:32'),
(4, 10, 'Resource 4', 'Description for resource 4', 'http://example.com/resource4', '2022-06-26 14:30:48', '2022-10-12 18:56:04'),
(5, 8, 'Resource 5', 'Description for resource 5', 'http://example.com/resource5', '2023-07-08 08:59:06', '2024-02-02 15:17:46'),
(6, 4, 'Resource 6', 'Description for resource 6', 'http://example.com/resource6', '2023-07-11 23:08:48', '2023-10-12 00:10:17'),
(7, 8, 'Resource 7', 'Description for resource 7', 'http://example.com/resource7', '2022-08-15 14:34:48', '2023-09-18 21:05:36'),
(8, 3, 'Resource 8', 'Description for resource 8', 'http://example.com/resource8', '2022-07-12 19:37:04', '2024-03-07 14:43:54'),
(9, 10, 'Resource 9', 'Description for resource 9', 'http://example.com/resource9', '2022-09-08 21:03:53', '2023-07-27 22:58:35'),
(10, 9, 'Resource 10', 'Description for resource 10', 'http://example.com/resource10', '2023-12-31 09:25:28', '2024-04-13 01:24:52'),
(11, 8, 'Resource 11', 'Description for resource 11', 'http://example.com/resource11', '2023-04-24 12:41:34', '2024-03-18 03:50:32'),
(12, 1, 'Resource 12', 'Description for resource 12', 'http://example.com/resource12', '2022-01-29 04:16:56', '2023-02-08 03:39:39'),
(13, 3, 'Resource 13', 'Description for resource 13', 'http://example.com/resource13', '2022-02-21 23:59:05', '2024-05-08 15:52:23'),
(14, 2, 'Resource 14', 'Description for resource 14', 'http://example.com/resource14', '2023-12-30 16:28:45', '2024-02-27 12:10:55'),
(15, 9, 'Resource 15', 'Description for resource 15', 'http://example.com/resource15', '2024-04-29 03:28:24', '2024-05-02 11:17:51'),
(16, 3, 'Resource 16', 'Description for resource 16', 'http://example.com/resource16', '2024-02-09 22:40:38', '2024-04-28 22:17:52'),
(17, 3, 'Resource 17', 'Description for resource 17', 'http://example.com/resource17', '2022-09-24 08:12:09', '2023-11-15 17:42:41'),
(18, 10, 'Resource 18', 'Description for resource 18', 'http://example.com/resource18', '2023-02-04 18:28:25', '2023-10-06 17:17:46'),
(19, 4, 'Resource 19', 'Description for resource 19', 'http://example.com/resource19', '2023-09-29 21:29:51', '2023-10-18 15:40:53'),
(20, 5, 'Resource 20', 'Description for resource 20', 'http://example.com/resource20', '2022-08-07 04:21:51', '2023-07-24 21:23:57');

INSERT INTO score (id, student_id, exam_id, score, created_at, updated_at) VALUES
(1, 1, 9, 75, '2023-04-27 15:17:31', '2023-06-22 17:17:51'),
(2, 18, 8, 65, '2022-02-21 08:14:27', '2022-03-25 17:37:10'),
(3, 18, 5, 63, '2023-02-15 15:56:15', '2023-12-11 00:40:32'),
(4, 7, 4, 57, '2022-06-05 04:41:45', '2022-07-27 08:40:58'),
(5, 6, 10, 72, '2022-07-18 20:58:50', '2023-06-11 03:59:22'),
(6, 12, 6, 66, '2022-05-06 11:14:21', '2023-06-02 15:20:08'),
(7, 20, 7, 79, '2022-08-23 13:48:39', '2024-05-08 00:05:19'),
(8, 15, 9, 94, '2022-02-26 14:21:41', '2024-05-05 00:55:50'),
(9, 11, 6, 60, '2022-02-02 02:01:36', '2024-02-09 20:56:38'),
(10, 13, 3, 58, '2024-01-20 10:14:37', '2024-05-12 07:52:31'),
(11, 14, 3, 79, '2023-12-04 05:37:28', '2024-02-20 12:46:06'),
(12, 12, 3, 77, '2023-03-20 03:21:19', '2023-11-13 04:09:03'),
(13, 5, 7, 86, '2023-06-18 06:33:01', '2024-02-06 08:52:26'),
(14, 19, 4, 96, '2023-04-11 22:36:31', '2023-07-18 19:45:48'),
(15, 19, 10, 94, '2023-01-06 06:35:17', '2024-02-24 20:40:54'),
(16, 19, 6, 73, '2023-09-09 13:36:10', '2023-11-09 17:03:08'),
(17, 12, 5, 92, '2023-09-23 04:42:58', '2024-04-25 19:35:44'),
(18, 13, 5, 77, '2022-06-05 06:41:34', '2022-09-19 17:56:34'),
(19, 10, 9, 62, '2022-03-05 12:51:47', '2022-06-11 14:50:09'),
(20, 7, 3, 82, '2023-05-01 08:57:33', '2023-08-10 12:09:52');